{"cameraMode":{"drawMode":0,"name":"Shaded","section":"Shading Mode"},"sceneLighting":true,"audioPlay":false,"sceneViewState":{"m_AlwaysRefresh":false,"showFog":true,"showSkybox":true,"showFlares":true,"showImageEffects":true,"showParticleSystems":true,"showVisualEffectGraphs":true,"m_FxEnabled":true},"in2DMode":false,"pivot":{"x":19.41387939453125,"y":2.3658010959625246,"z":-6.232934474945068},"rotation":{"x":0.04762876778841019,"y":0.9451808929443359,"z":-0.16060246527194978,"w":0.2803059220314026},"size":0.8660253882408142,"orthographic":false}